name,category,phone,address,hours,rating,reviews,city,website_found,email,demo_url,status,outreach_date,followup_date,message_version,crm,crm_status,revenue,source_channel,notes
Friendly Pest Control Doral,pest control,(305) 845-3406,,,5.0,9,Doral,false,,https://demoready.co/sites/friendly-pest-control-doral/index.html,no-email,2026-06-03,,v7,,,,,
Fog That Bug,pest control,(786) 631-7860,,,5.0,29,Doral,false,,https://demoready.co/sites/fog-that-bug/index.html,no-email,2026-06-03,,v6,,,,,
Master Pest Control Inc.,pest control,(305) 419-3690,,,4.2,103,Doral,false,,https://demoready.co/sites/master-pest-control-inc/index.html,no-email,2026-06-03,,v8,,,,,
"Suncoast Pest Control Miami, FL",pest control,(645) 218-4038,,,4.6,23,Doral,false,,https://demoready.co/sites/suncoast-pest-control-miami-fl/index.html,no-email,2026-06-03,,v3,,,,,
Expert Pest Control Miami,pest control,(305) 247-1771,,,,,Doral,false,info@google.com,https://demoready.co/sites/expert-pest-control-miami/index.html,error,2026-06-03,,v5,,,,,
Pete's Auto Air,AC repair,(305) 556-0471,,,4.9,107,Hialeah,false,,https://demoready.co/sites/pete-s-auto-air/index.html,no-email,2026-06-03,,v8,,,,,
Eagle Overhauling Inc,AC repair,(305) 887-7349,,,4.1,591,Hialeah,false,,https://demoready.co/sites/eagle-overhauling-inc/index.html,no-email,2026-06-03,,v2,,,,,
Auto Air Conditioning Corporation,AC repair,(305) 885-3808,,,4.4,39,Hialeah,false,,https://demoready.co/sites/auto-air-conditioning-corporation/index.html,no-email,2026-06-03,,v3,,,,,
Miami AC Repair Home,AC repair,(786) 228-7546,,,5.0,52,Hialeah,false,,https://demoready.co/sites/miami-ac-repair-home/index.html,no-email,2026-06-03,,v8,,,,,
AC Repair Hialeah,AC repair,(305) 609-5132,,,5.0,2,Hialeah,false,info@google.com,https://demoready.co/sites/ac-repair-hialeah/index.html,error,2026-06-03,,v9,,,,,
FrostMasters AC Repair Tamarac,ac repair,(754) 203-4244,,,5.0,10,Tamarac,false,,https://demoready.co/sites/frostmasters-ac-repair-tamarac/index.html,no-email,2026-06-03,,v7,,,,,
Easy Cooling Experts Tamarac FL,ac repair,(954) 594-8876,,,,,Tamarac,false,,https://demoready.co/sites/easy-cooling-experts-tamarac-fl/index.html,no-email,2026-06-03,,v6,,,,,
Granda Ceiling Systems,drywall repair,(305) 303-4865,,,5.0,2,Cooper City,false,,https://demoready.co/sites/granda-ceiling-systems/index.html,no-email,2026-06-03,,v8,,,,,
A1 drywall services,drywall repair,(305) 564-1990,,,5.0,7,Cooper City,false,,https://demoready.co/sites/a1-drywall-services/index.html,no-email,2026-06-03,,v5,,,,,
cooper city handy man,drywall repair,(561) 288-5625,,,5.0,3,Cooper City,false,info@cliffspools.com,https://demoready.co/sites/cooper-city-handy-man/index.html,error,2026-06-03,,v10,,,,,
Affordable Drywall & Painting,drywall repair,(865) 272-9341,,,5.0,37,Cooper City,false,,https://demoready.co/sites/affordable-drywall-painting/index.html,no-email,2026-06-03,,v4,,,,,
Drywall Repair Contractor Miami FL,drywall repair,(877) 992-0476,,,5.0,13,Cooper City,false,info@miamiwallrepair.com,https://demoready.co/sites/drywall-repair-contractor-miami-fl/index.html,error,2026-06-03,,v3,,,,,
LG&L Renovation Services,drywall repair,(863) 904-7102,,,5.0,20,Cooper City,false,,https://demoready.co/sites/lg-l-renovation-services/index.html,no-email,2026-06-03,,v5,,,,,
Sánchez remodeling tile corp,drywall repair,(516) 943-6958,,,4.3,6,Cooper City,false,,https://demoready.co/sites/s-nchez-remodeling-tile-corp/index.html,no-email,2026-06-03,,v2,,,,,
Mobile barber by Johnny,mobile barber,(754) 213-2438,,,5.0,1,Surfside,false,,https://demoready.co/sites/mobile-barber-by-johnny/index.html,sent,2026-06-03,,v7,,,,,
Yan-John mobile barber miami,mobile barber,(929) 407-9098,,,5.0,5,Surfside,false,,https://demoready.co/sites/yan-john-mobile-barber-miami/index.html,skip,2026-06-03,,v1,,,,,
Tito's Sound,tint shop,(954) 709-9236,,,4.9,5992,Deerfield Beach,false,,https://demoready.co/sites/tito-s-sound/index.html,sent,2026-06-03,,v4,,,,,
Mobile Detailing of Coral Gables,auto detailing,(786) 434-7329,,,5.0,18,Coral Gables,false,,https://demoready.co/sites/mobile-detailing-of-coral-gables/index.html,skip,2026-06-03,,v5,,,,,
Sterlin Banks Standard Cleaning,carpet cleaning,(305) 384-8307,,,5.0,1,Westchester,false,,https://demoready.co/sites/sterlin-banks-standard-cleaning/index.html,sent,2026-06-03,,v7,,,,,
Onyx Elite Cleaning Services,carpet cleaning,(786) 720-1761,,,4.9,15,Westchester,false,,https://demoready.co/sites/onyx-elite-cleaning-services/index.html,sent,2026-06-03,,v6,,,,,
westchester rug & carpet cleaning inc,carpet cleaning,(917) 204-9757,,,4.6,46,Westchester,false,,https://demoready.co/sites/westchester-rug-carpet-cleaning-inc/index.html,skip,2026-06-03,,v7,,,,,
Cheapo Auto Glass,windshield repair,(305) 681-1010,,,4.7,375,North Miami,false,,https://demoready.co/sites/cheapo-auto-glass/index.html,skip,2026-06-03,,v4,,,,,
Miami-Handyman,drywall repair,(786) 636-5512,,,4.7,26,Little Havana,false,,https://demoready.co/sites/miami-handyman/index.html,sent,2026-06-03,,v5,,,,,
Playhouse Party Rental,bounce house rental,(786) 443-1524,,,4.6,9,Pembroke Pines,false,,https://demoready.co/sites/playhouse-party-rental/index.html,sent,2026-06-03,,v6,,,,,
Bounce House Near Me Now,bounce house rental,(954) 800-3099,,,4.7,4,Pembroke Pines,false,,https://demoready.co/sites/bounce-house-near-me-now/index.html,skip,2026-06-03,,v9,,,,,
Bal harbor Mobile Detailing II,mobile detailing,(334) 310-8545,,,5.0,32,Bal Harbour,false,,https://demoready.co/sites/bal-harbor-mobile-detailing-ii/index.html,skip,2026-06-03,,v5,,,,,
Miami Auto Detailing Pros,mobile detailing,(352) 757-4338,,,5.0,2,Bal Harbour,false,,https://demoready.co/sites/miami-auto-detailing-pros/index.html,skip,2026-06-03,,v10,,,,,
Sparkle and Shine Mobile Detailing,mobile detailing,,,,5.0,9,Bal Harbour,false,,https://demoready.co/sites/sparkle-and-shine-mobile-detailing/index.html,new,,,,,,,,
Mobile Detailing of Sunny Isles Beach,mobile detailing,(405) 369-6371,,,5.0,22,Bal Harbour,false,,https://demoready.co/sites/mobile-detailing-of-sunny-isles-beach/index.html,skip,2026-06-03,,v9,,,,,
Paradise Detailing Miami,mobile detailing,(305) 851-1427,,,5.0,128,Bal Harbour,false,,https://demoready.co/sites/paradise-detailing-miami/index.html,sent,2026-06-03,,v7,,,,,
Nate's the great mobile car Care LLC,mobile detailing,(786) 739-9696,,,4.5,96,Bal Harbour,false,,https://demoready.co/sites/nate-s-the-great-mobile-car-care-llc/index.html,sent,2026-06-03,,v5,,,,,
Reliable Air Conditioning Refrigeration,ac repair,(786) 247-6622,,,4.6,22,Miami,false,,https://demoready.co/sites/reliable-air-conditioning-refrigeration/index.html,sent,2026-06-03,,v9,,,,,
Brickell Air Conditioning repair,ac repair,(305) 930-3544,,,4.8,17,Miami,false,,https://demoready.co/sites/brickell-air-conditioning-repair/index.html,skip,2026-06-03,,v8,,,,,
JR's Window Tinting,tint shop,(305) 687-9255,,,4.7,326,Opa-locka,false,,https://demoready.co/sites/jr-s-window-tinting/index.html,skip,2026-06-03,,v7,,,,,
EZ Tires y Tints,tint shop,(786) 778-1287,,,4.1,48,Opa-locka,false,,https://demoready.co/sites/ez-tires-y-tints/index.html,skip,2026-06-03,,v2,,,,,
El nica Brenes Window tinting,tint shop,(786) 269-3561,,,4.9,29,Opa-locka,false,,https://demoready.co/sites/el-nica-brenes-window-tinting/index.html,sent,2026-06-03,,v5,,,,,
Cool Tint Miami,tint shop,(786) 231-9046,,,5.0,4,Opa-locka,false,,https://demoready.co/sites/cool-tint-miami/index.html,sent,2026-06-03,,v10,,,,,
ABEL'S TIRES AND WINDOW TINT,tint shop,(786) 657-4995,,,4.5,28,Opa-locka,false,,https://demoready.co/sites/abel-s-tires-and-window-tint/index.html,sent,2026-06-03,,v7,,,,,
Coral Springs Mobile Locksmith,locksmith,(954) 906-9949,,,3.5,2,Margate,false,,https://demoready.co/sites/coral-springs-mobile-locksmith/index.html,skip,2026-06-03,,v9,,,,,
MakeupbyMirlen,makeup artist,(305) 721-8521,,,5.0,56,Doral,false,,https://demoready.co/sites/makeupbymirlen/index.html,sent,2026-06-04,,v1,,,,,
Tati Makeup Studio,makeup artist,(786) 777-8853,,,4.4,24,Doral,false,,https://demoready.co/sites/tati-makeup-studio/index.html,sent,2026-06-04,,v4,,,,,
Pros Roofing Plantation,roof repair,(754) 328-5909,,,5.0,1,Plantation,false,,https://demoready.co/sites/pros-roofing-plantation/index.html,skip,,,v3,,,,,
Locksmith Family,locksmith,(954) 639-9880,,,4.7,25,Hollywood,false,,https://demoready.co/sites/locksmith-family/index.html,skip,,,v8,,,,,
Yoga With Marianne,yoga instructor,(561) 777-0892,,,5.0,7,Greenacres,false,,https://demoready.co/sites/yoga-with-marianne/index.html,sent,2026-06-04,,v10,,,,,
Exclusive Detailers South Miami MOBILE SERVICE ONLY,auto detailing,(786) 760-6291,,,5.0,50,Pinecrest,false,,https://demoready.co/sites/exclusive-detailers-south-miami-mobile-service-only/index.html,sent,2026-06-04,,v6,,,,,
Miami Mobile Detailing Experts,auto detailing,(321) 730-9124,,,1.0,1,Pinecrest,false,,https://demoready.co/sites/miami-mobile-detailing-experts/index.html,skip,,,v10,,,,,
Auto Perfection Miami LLC.,auto detailing,(305) 670-3288,,,4.3,154,Pinecrest,false,,https://demoready.co/sites/auto-perfection-miami-llc/index.html,skip,,,v8,,,,,
Fonzi Mobile - Hand Carwash & Detailing,auto detailing,(786) 580-8519,,,5.0,5,Pinecrest,false,,https://demoready.co/sites/fonzi-mobile-hand-carwash-detailing/index.html,sent,2026-06-04,,v9,,,,,
D&D Auto detailing 305,auto detailing,(786) 352-3178,,,5.0,10,Pinecrest,false,,https://demoready.co/sites/d-d-auto-detailing-305/index.html,sent,2026-06-04,,v7,,,,,
Prestige Hand Car Wash,auto detailing,(305) 710-6861,,,3.1,22,Pinecrest,false,,https://demoready.co/sites/prestige-hand-car-wash/index.html,sent,2026-06-04,,v6,,,,,
Quality Electric Contracting,electrician,(863) 983-4101,,,4.3,8,Pahokee,false,,https://demoready.co/sites/quality-electric-contracting/index.html,skip,,,v9,,,,,
E.A mobile mechanic,electrician,(561) 398-9843,,,4.2,5,Pahokee,false,,https://demoready.co/sites/e-a-mobile-mechanic/index.html,skip,,,v8,,,,,
All American Gutters,gutter cleaning,(561) 274-9477,,,4.4,61,Deerfield Beach,false,,https://demoready.co/sites/all-american-gutters/index.html,skip,,,v5,,,,,
Bright Wash Exterior Cleaning,gutter cleaning,(561) 501-1359,,,5.0,59,Deerfield Beach,false,,https://demoready.co/sites/bright-wash-exterior-cleaning/index.html,sent,2026-06-04,,v1,,,,,
Dulcemente Carol Cakes,cake decorator,(561) 294-1338,,,4.9,134,West Palm Beach,false,,https://demoready.co/sites/dulcemente-carol-cakes/index.html,sent,2026-06-04,,v5,,,,,
Sweet Layers Cakes,cake decorator,(813) 445-2438,,,5.0,1,West Palm Beach,false,,https://demoready.co/sites/sweet-layers-cakes/index.html,sent,2026-06-04,,v7,,,,,
Rubi Photobooth Rentals,photo booth rental,(954) 287-2953,,,4.3,4,Weston,false,,https://demoready.co/sites/rubi-photobooth-rentals/index.html,skip,,,v2,,,,,
Worldwide Auto Glass,windshield repair,(786) 326-5946,,,4.7,132,Miami Gardens,false,,https://demoready.co/sites/worldwide-auto-glass/index.html,sent,2026-06-04,,v7,,,,,
Dory's Catering,caterer,(954) 534-6017,,,4.9,30,Pembroke Pines,false,,https://demoready.co/sites/dory-s-catering/index.html,sent,2026-06-04,,v8,,,,,
Smokingrillsbbq,caterer,(786) 518-7441,,,5.0,9,Pembroke Pines,false,,https://demoready.co/sites/smokingrillsbbq/index.html,skip,,,v4,,,,,
BNB Landscaping | Landscaping Company,landscaping,(786) 606-6384,,,4.5,50,Bal Harbour,false,,https://demoready.co/sites/bnb-landscaping-landscaping-company/index.html,skip,,,v2,,,,,
SoFlo Tree Care & Landscape,landscaping,(786) 260-4270,,,5.0,5,Bal Harbour,false,,https://demoready.co/sites/soflo-tree-care-landscape/index.html,sent,2026-06-05,,v4,,,,,
Clewiston Pressure Washing,pressure washing,(863) 254-9085,,,5.0,22,Belle Glade,false,,https://demoready.co/sites/clewiston-pressure-washing/index.html,skip,,,v6,,,,,
K & A's Mobile Detailing & Pressure Cleaning,pressure washing,(850) 210-5956,,,5.0,1,Belle Glade,false,,https://demoready.co/sites/k-a-s-mobile-detailing-pressure-cleaning/index.html,skip,,,v7,,,,,
Hi-Performance Hot Pressure Cleaning,pressure washing,(863) 228-2946,,,5.0,1,Belle Glade,false,,https://demoready.co/sites/hi-performance-hot-pressure-cleaning/index.html,sent,2026-06-05,,v8,,,,,
Just Right Barber Shop and Beauty Salon,mobile barber,(305) 372-0966,,,4.5,49,Miami,false,,https://demoready.co/sites/just-right-barber-shop-and-beauty-salon/index.html,sent,2026-06-05,,v7,,,,,
Miami Mobile Barbershop,mobile barber,(786) 804-8955,,,4.9,51,Miami,false,,https://demoready.co/sites/miami-mobile-barbershop/index.html,sent,2026-06-05,,v6,,,,,
JB BARBERSHOP,mobile barber,(239) 384-4857,,,,,Miami,false,,https://demoready.co/sites/jb-barbershop/index.html,sent,2026-06-05,,v10,,,,,
Bill Cuts Mobile Barbershop,mobile barber,(786) 971-8355,,,5.0,96,Miami,false,,https://demoready.co/sites/bill-cuts-mobile-barbershop/index.html,sent,2026-06-12,,v9,,,,,
Hr Finish Drywall,drywall repair,(786) 379-7822,,,5.0,9,Homestead,false,,https://demoready.co/sites/hr-finish-drywall/index.html,sent,2026-06-12,,v1,,,,,
Capital A Drywall Inc,drywall repair,(786) 237-9909,,,5.0,2,Homestead,false,,https://demoready.co/sites/capital-a-drywall-inc/index.html,sent,2026-06-12,,v4,,,,,
Roman Drywall Inc,drywall repair,(305) 342-8572,,,5.0,4,Homestead,false,,https://demoready.co/sites/roman-drywall-inc/index.html,sent,2026-06-12,,v3,,,,,
J S Drywall Inc,drywall repair,(305) 216-1488,,,3.0,3,Homestead,false,,https://demoready.co/sites/j-s-drywall-inc/index.html,sent,2026-06-12,,v5,,,,,
Pain Cave Byste,personal trainer,(786) 667-2844,,,5.0,4,Opa-locka,false,,https://demoready.co/sites/pain-cave-byste/index.html,sent,2026-06-12,,v3,,,,,
House of Iron Miami,personal trainer,(786) 708-7635,,,4.8,45,Opa-locka,false,,https://demoready.co/sites/house-of-iron-miami/index.html,sent,2026-06-12,,v7,,,,,
Level 10 Miami,personal trainer,(786) 932-6610,,,3.5,19,Opa-locka,false,,https://demoready.co/sites/level-10-miami/index.html,sent,2026-06-12,,v3,,,,,
Tacos Al Carbon (Boynton Food Truck),food truck,(561) 667-4586,,,4.4,162,Boynton Beach,false,,https://demoready.co/sites/tacos-al-carbon-boynton-food-truck/index.html,sent,2026-06-12,,v2,,,,,
Delicious Tacos,food truck,(561) 781-6080,,,4.6,20,Boynton Beach,false,,https://demoready.co/sites/delicious-tacos/index.html,sent,2026-06-12,,v9,,,,,
Empanada outlaws,food truck,(561) 403-9074,,,4.9,37,Boynton Beach,false,,https://demoready.co/sites/empanada-outlaws/index.html,sent,2026-06-12,,v1,,,,,
Dr Smokehouse,food truck,(561) 735-1207,,,4.4,21,Boynton Beach,false,,https://demoready.co/sites/dr-smokehouse/index.html,sent,2026-06-12,,v3,,,,,
NYC Water Dogs,food truck,(954) 536-7800,,,4.7,14,Boynton Beach,false,,https://demoready.co/sites/nyc-water-dogs/index.html,sent,2026-06-12,,v7,,,,,
Island Buzz Jamaican Cuisine,food truck,(561) 634-5980,,,4.5,109,Boynton Beach,false,,https://demoready.co/sites/island-buzz-jamaican-cuisine/index.html,sent,2026-06-12,,v10,,,,,
GA’s Smokin BBQ,food truck,(561) 724-3753,,,4.8,111,Boynton Beach,false,,https://demoready.co/sites/ga-s-smokin-bbq/index.html,sent,2026-06-12,,v9,,,,,
RBK Cleaning Systems,solar panel cleaning,(305) 798-9628,,,5.0,23,Wellington,false,,https://demoready.co/sites/rbk-cleaning-systems/index.html,sent,2026-06-12,,v2,,,,,
J&J Tires & Roadside: 24/7 Mobile Tire Service,mobile tire service,(954) 729-9805,,,4.8,538,Margate,false,,https://demoready.co/sites/j-j-tires-roadside-24-7-mobile-tire-service/index.html,sent,2026-06-12,,v7,,,,,
🛞 TSP Mobile Tires & emergency services🛞,mobile tire service,(754) 281-0832,,,5.0,112,Margate,false,,https://demoready.co/sites/tsp-mobile-tires-emergency-services/index.html,sent,2026-06-12,,v1,,,,,
Moon spa,mobile massage therapist,(786) 270-9884,,,5.0,31,Homestead,false,,https://demoready.co/sites/moon-spa/index.html,sent,2026-06-12,,v3,,,,,
The Pampered Touch At-Home Nail Care Services,mobile nail tech,(954) 683-7635,,,4.4,7,North Lauderdale,false,,https://demoready.co/sites/the-pampered-touch-at-home-nail-care-services/index.html,sent,2026-06-12,,v9,,,,,
City Nails & Lashes,mobile nail tech,(954) 906-0881,,,5.0,188,North Lauderdale,false,,https://demoready.co/sites/city-nails-lashes/index.html,sent,2026-06-12,,v8,,,,,
MOBILE Miami Nails & Spa by Yami,mobile nail tech,(786) 669-1656,,,5.0,74,North Lauderdale,false,,https://demoready.co/sites/mobile-miami-nails-spa-by-yami/index.html,sent,2026-06-12,,v7,,,,,
10X Nails Mobile,mobile nail tech,(816) 590-1114,,,,,North Lauderdale,false,,https://demoready.co/sites/10x-nails-mobile/index.html,new,,,v10,,,,,
Glam Style Bar,mobile nail tech,(786) 633-6724,,,4.8,24,North Lauderdale,false,,https://demoready.co/sites/glam-style-bar/index.html,new,,,v3,,,,,
T Nails,mobile nail tech,(954) 749-1777,,,4.3,48,North Lauderdale,false,,https://demoready.co/sites/t-nails/index.html,new,,,v5,,,,,
La nails ll,mobile nail tech,(954) 721-6500,,,3.1,172,North Lauderdale,false,,https://demoready.co/sites/la-nails-ll/index.html,new,,,v8,,,,,
Abbys Beauty Salon & Spa,mobile nail tech,(305) 547-4200,,,4.3,16,North Lauderdale,false,,https://demoready.co/sites/abbys-beauty-salon-spa/index.html,new,,,v7,,,,,
Blue Oasis Pool & Spa Repair inc,pool cleaning,(954) 383-1203,,,4.9,175,North Lauderdale,false,,https://demoready.co/sites/blue-oasis-pool-spa-repair-inc/index.html,new,,,v6,,,,,
Elias Landscaping Inc.,lawn care,(786) 238-0602,,,2.8,18,Coral Gables,false,,https://demoready.co/sites/elias-landscaping-inc/index.html,new,,,v4,,,,,
Premier Landscape of South Florida,lawn care,(561) 676-3049,,,5.0,1,Coral Gables,false,,https://demoready.co/sites/premier-landscape-of-south-florida/index.html,new,,,v5,,,,,
Dougs Lawn Care Co.,lawn care,(888) 959-2773,,,5.0,5,Coral Gables,false,,https://demoready.co/sites/dougs-lawn-care-co/index.html,new,,,v7,,,,,
Reyes Landscaping & Maintenance,lawn care,(786) 586-2794,,,5.0,2,Coral Gables,false,,https://demoready.co/sites/reyes-landscaping-maintenance/index.html,new,,,v1,,,,,
Rojo's Lawn service,lawn care,(949) 334-7818,,,4.6,14,Coral Gables,false,,https://demoready.co/sites/rojo-s-lawn-service/index.html,new,,,v5,,,,,
ATO Lawn Maintenance,lawn care,(754) 218-7654,,,,,Coral Gables,false,,https://demoready.co/sites/ato-lawn-maintenance/index.html,new,,,v8,,,,,
OS THE FLAWLESS HANDYMAN LLC,handyman,(786) 486-5882,,,5.0,3,Cutler Bay,false,,https://demoready.co/sites/os-the-flawless-handyman-llc/index.html,new,,,v6,,,,,
K&F Handyman Services,handyman,(786) 416-1103,,,5.0,29,Cutler Bay,false,,https://demoready.co/sites/k-f-handyman-services/index.html,new,,,v1,,,,,
R & E Pressure Cleaning Y Mas,pressure washing,(239) 675-8751,,,5.0,7,Davie,false,,https://demoready.co/sites/r-e-pressure-cleaning-y-mas/index.html,new,,,v8,,,,,
Fort Lauderdale Solar Panel Cleaning LLC,solar panel cleaning,(410) 207-3142,,,5.0,1,Oakland Park,false,,https://demoready.co/sites/fort-lauderdale-solar-panel-cleaning-llc/index.html,new,,,v9,,,,,
Orvesun Solar Cleaning and Services LLc,solar panel cleaning,(954) 687-3757,,,4.9,7,Oakland Park,false,,https://demoready.co/sites/orvesun-solar-cleaning-and-services-llc/index.html,new,,,v4,,,,,
Robert's Mobile Tire Shop - 24/7 Road Service,mobile tire service,(786) 398-8360,,,4.9,177,Dania Beach,false,,https://demoready.co/sites/robert-s-mobile-tire-shop-24-7-road-service/index.html,new,,,v7,,,,,
Planas Mobile Tire Service,mobile tire service,(305) 763-4861,,,5.0,6,Dania Beach,false,,https://demoready.co/sites/planas-mobile-tire-service/index.html,new,,,v1,,,,,
Flores Mobile Tire Service INC,mobile tire service,(754) 260-4829,,,5.0,6,Dania Beach,false,,https://demoready.co/sites/flores-mobile-tire-service-inc/index.html,new,,,v6,,,,,
"Bobby,s mobile tires service LLC",mobile tire service,(754) 221-8103,,,5.0,2,Dania Beach,false,,https://demoready.co/sites/bobby-s-mobile-tires-service-llc/index.html,new,,,v10,,,,,
Jason Hair Stylist,mobile hair stylist,(305) 726-4355,,,5.0,35,Virginia Gardens,false,,https://demoready.co/sites/jason-hair-stylist/index.html,new,,,v5,,,,,
Hair moves mobile hairstylist,mobile hair stylist,(305) 775-4114,,,5.0,2,Virginia Gardens,false,,https://demoready.co/sites/hair-moves-mobile-hairstylist/index.html,new,,,v6,,,,,
Smart Mobile Hair Care,mobile hair stylist,(240) 480-3303,,,5.0,19,Virginia Gardens,false,,https://demoready.co/sites/smart-mobile-hair-care/index.html,new,,,v2,,,,,
Bigcutz mobile,mobile hair stylist,(305) 889-9511,,,5.0,1,Virginia Gardens,false,,https://demoready.co/sites/bigcutz-mobile/index.html,new,,,v10,,,,,
Style SkinCare by Cristina,esthetician,(786) 547-7712,,,5.0,38,Tamarac,false,,https://demoready.co/sites/style-skincare-by-cristina/index.html,new,,,v7,,,,,
Best A&M Rain Gutters,gutter cleaning,(786) 587-3554,,,5.0,18,Miami Lakes,false,,https://demoready.co/sites/best-a-m-rain-gutters/index.html,new,,,v10,,,,,
AT THE HOUSE MIAMI LAWN SERVICE LLC..,lawn care,(305) 497-9062,,,5.0,5,Miami Beach,false,,https://demoready.co/sites/at-the-house-miami-lawn-service-llc/index.html,new,,,v5,,,,,
Snappr Photography,photographer,(786) 490-2099,,,4.7,156,Hollywood,false,,https://demoready.co/sites/snappr-photography/index.html,new,,,v9,,,,,
A1A Entertainment,photographer,(786) 898-0708,,,5.0,13,Hollywood,false,,https://demoready.co/sites/a1a-entertainment/index.html,new,,,v10,,,,,
Generatorworks,generator repair,(561) 603-8170,,,4.8,48,Lantana,false,,https://demoready.co/sites/generatorworks/index.html,new,,,v1,,,,,
JDL Electrical & Generator Services,generator repair,(561) 637-8269,,,5.0,101,Lantana,false,,https://demoready.co/sites/jdl-electrical-generator-services/index.html,new,,,v6,,,,,
The Generator People,generator repair,(561) 833-7591,,,4.5,19,Lantana,false,,https://demoready.co/sites/the-generator-people/index.html,new,,,v1,,,,,
Ronco Equipment Rental & Repair,generator repair,(954) 725-6100,,,4.5,78,Lantana,false,,https://demoready.co/sites/ronco-equipment-rental-repair/index.html,new,,,v4,,,,,
Seamless Gutters By Andy,gutter cleaning,(786) 853-5497,,,3.4,5,South Miami,false,,https://demoready.co/sites/seamless-gutters-by-andy/index.html,new,,,v6,,,,,
Patisserie of France,cake decorator,(305) 681-5838,,,5.0,10,Opa-locka,false,,https://demoready.co/sites/patisserie-of-france/index.html,new,,,v8,,,,,
1stSlidingDoors Repair brickell,windshield repair,(305) 404-5437,,,5.0,7,Brickell,false,,https://demoready.co/sites/1stslidingdoors-repair-brickell/index.html,new,,,v2,,,,,
SSS LAWN SERVICES INC,lawn care,(561) 667-0769,,,5.0,3,Greenacres,false,,https://demoready.co/sites/sss-lawn-services-inc/index.html,new,,,v1,,,,,
"Project Lawn FL, LLC",lawn care,(561) 563-0510,,,5.0,1,Greenacres,false,,https://demoready.co/sites/project-lawn-fl-llc/index.html,new,,,v7,,,,,
Bruno’s Lawn Maintenance and Landscaping,lawn care,(561) 446-3301,,,,,Greenacres,false,,https://demoready.co/sites/bruno-s-lawn-maintenance-and-landscaping/index.html,new,,,v1,,,,,
Mega Landscaping LLC,landscaping,(561) 598-1803,,,5.0,1,Wilton Manors,false,,https://demoready.co/sites/mega-landscaping-llc/index.html,new,,,v2,,,,,
Food Truck,food truck,(954) 899-0617,,,4.7,10,Lauderhill,false,,https://demoready.co/sites/food-truck/index.html,new,,,v5,,,,,
Caribbean Pot On Wheels Jerk Center,food truck,(954) 245-2991,,,4.7,35,Lauderhill,false,,https://demoready.co/sites/caribbean-pot-on-wheels-jerk-center/index.html,new,,,v7,,,,,
Skyline Garage Door Repair,garage door repair,(954) 335-5603,,,5.0,4,Surfside,false,,https://demoready.co/sites/skyline-garage-door-repair/index.html,new,,,v10,,,,,
North Miami Garage Door Repair LLC,garage door repair,(645) 600-1146,,,5.0,4,Surfside,false,,https://demoready.co/sites/north-miami-garage-door-repair-llc/index.html,new,,,v2,,,,,
Royal Gutters,gutter cleaning,(786) 285-5059,,,3.8,57,Golden Beach,false,,https://demoready.co/sites/royal-gutters/index.html,new,,,v7,,,,,
305 Pressure,gutter cleaning,(305) 780-2106,,,5.0,11,Golden Beach,false,,https://demoready.co/sites/305-pressure/index.html,new,,,v5,,,,,
UNIVERSAL SUNSHINE SERVICES,gutter cleaning,(954) 274-0815,,,5.0,7,Golden Beach,false,,https://demoready.co/sites/universal-sunshine-services/index.html,new,,,v8,,,,,
Repair's Hello Golden Beach,screen repair,(786) 926-5391,,,4.0,1,Golden Beach,false,,https://demoready.co/sites/repair-s-hello-golden-beach/index.html,new,,,v6,,,,,
Global Drywall Service LLC,drywall repair,(954) 374-4305,,,4.0,4,Pembroke Pines,false,,https://demoready.co/sites/global-drywall-service-llc/index.html,new,,,v10,,,,,
All 4 Walls Texture,drywall repair,(954) 894-5524,,,4.6,18,Pembroke Pines,false,,https://demoready.co/sites/all-4-walls-texture/index.html,new,,,v1,,,,,
Sway Makeup,makeup artist,(786) 910-8044,,,5.0,16,El Portal,false,,https://demoready.co/sites/sway-makeup/index.html,new,,,v3,,,,,
Pinche truck,food truck,(305) 924-0433,,,4.9,22,Golden Beach,false,,https://demoready.co/sites/pinche-truck/index.html,new,,,v2,,,,,
Mr Pikliz Food Truck,food truck,(305) 500-0030,,,4.6,48,Golden Beach,false,,https://demoready.co/sites/mr-pikliz-food-truck/index.html,new,,,v3,,,,,
Pf Auto Style | Wraps & Window tinting,car wrap,(754) 213-8969,,,5.0,38,West Palm Beach,false,,https://demoready.co/sites/pf-auto-style-wraps-window-tinting/index.html,new,,,v4,,,,,
That Wrap Guy LLC,car wrap,(201) 290-3643,,,4.2,35,West Palm Beach,false,,https://demoready.co/sites/that-wrap-guy-llc/index.html,new,,,v10,,,,,
Jn Tile & Marble Solutions,tile installer,(561) 502-2767,,,5.0,2,Boynton Beach,false,,https://demoready.co/sites/jn-tile-marble-solutions/index.html,new,,,v1,,,,,
"Pines Lawn Sprinklers, Inc",irrigation repair,(954) 443-8363,,,4.2,102,Pembroke Pines,false,,https://demoready.co/sites/pines-lawn-sprinklers-inc/index.html,new,,,v10,,,,,
"Mastercraft Flooring Distributors, Inc.",flooring installer,(800) 726-7770,,,4.2,5,Opa-locka,false,,https://demoready.co/sites/mastercraft-flooring-distributors-inc/index.html,new,,,v7,,,,,
Aguiar Flooring LLC - Laminate & Waterproof Floors,flooring installer,(786) 587-5696,,,4.9,41,Opa-locka,false,,https://demoready.co/sites/aguiar-flooring-llc-laminate-waterproof-floors/index.html,new,,,v6,,,,,
Lester's Plumbing Inc.,plumber,(305) 247-2851,,,4.8,90,Homestead,false,,https://demoready.co/sites/lester-s-plumbing-inc/index.html,new,,,v7,,,,,
Luma Air Conditioning and Heating LLC,ac cleaning,(954) 861-9927,,,5.0,134,Margate,false,,https://demoready.co/sites/luma-air-conditioning-and-heating-llc/index.html,new,,,v9,,,,,
Dr. HVAC,ac cleaning,(954) 800-8457,,,4.8,372,Margate,false,,https://demoready.co/sites/dr-hvac/index.html,new,,,v5,,,,,
Lee Air Duct Margate,ac cleaning,(754) 238-0593,,,5.0,1,Margate,false,,https://demoready.co/sites/lee-air-duct-margate/index.html,new,,,v8,,,,,
Eastern AC Supply Super Store,ac cleaning,(954) 973-8877,,,4.6,120,Margate,false,,https://demoready.co/sites/eastern-ac-supply-super-store/index.html,new,,,v7,,,,,
Mika Fitness,personal trainer,(786) 992-4481,,,5.0,5,Bay Harbor Islands,false,,https://demoready.co/sites/mika-fitness/index.html,new,,,v6,,,,,
Anatomy Pilates and Myofascial Clinic,personal trainer,(786) 470-4595,,,4.9,50,Bay Harbor Islands,false,,https://demoready.co/sites/anatomy-pilates-and-myofascial-clinic/index.html,new,,,v7,,,,,
Only pool services,pool repair,(954) 707-7089,,,5.0,26,Davie,false,,https://demoready.co/sites/only-pool-services/index.html,new,,,v4,,,,,
SunCoast Pool Service,pool repair,(786) 566-0509,,,5.0,1,Davie,false,,https://demoready.co/sites/suncoast-pool-service/index.html,new,,,v9,,,,,
Thomas Construction,deck builder,(954) 999-9942,,,5.0,10,Cooper City,false,,https://demoready.co/sites/thomas-construction/index.html,new,,,v2,,,,,
Flores services Deck builder,deck builder,(786) 260-5655,,,4.0,1,Cooper City,false,,https://demoready.co/sites/flores-services-deck-builder/index.html,new,,,v10,,,,,
Eco Wash Systems,pressure washing,(305) 593-1557,,,4.8,52,Virginia Gardens,false,,https://demoready.co/sites/eco-wash-systems/index.html,new,,,v6,,,,,
RVP CarWash Mobile Detailing,auto detailing,(352) 460-9323,,,5.0,50,Fort Lauderdale,false,,https://demoready.co/sites/rvp-carwash-mobile-detailing/index.html,new,,,v10,,,,,
Xcell Auto Spa,auto detailing,(954) 588-2521,,,5.0,25,Fort Lauderdale,false,,https://demoready.co/sites/xcell-auto-spa/index.html,new,,,v4,,,,,
Exotic Auto Car Wash,auto detailing,(754) 888-4439,,,5.0,10,Fort Lauderdale,false,,https://demoready.co/sites/exotic-auto-car-wash/index.html,new,,,v2,,,,,
La Belle Creole Landscaping,lawn care,(954) 669-3698,,,4.8,19,Bal Harbour,false,,https://demoready.co/sites/la-belle-creole-landscaping/index.html,new,,,v4,,,,,
"HECTOR LANDSCAPING, INC",lawn care,(786) 337-2087,,,4.6,17,Bal Harbour,false,,https://demoready.co/sites/hector-landscaping-inc/index.html,new,,,v5,,,,,
AC Repair Pros,ac repair,(754) 225-7614,,,5.0,21,Miramar,false,,https://demoready.co/sites/ac-repair-pros/index.html,new,,,v2,,,,,
Deck Repair & Staining,deck builder,(645) 222-1338,,,4.7,25,Virginia Gardens,false,,https://demoready.co/sites/deck-repair-staining/index.html,new,,,v5,,,,,
WD Deck Builder Miami,deck builder,(786) 891-2176,,,5.0,2,Virginia Gardens,false,,https://demoready.co/sites/wd-deck-builder-miami/index.html,new,,,v6,,,,,
EZ Construction,deck builder,(786) 306-7900,,,4.6,28,Virginia Gardens,false,,https://demoready.co/sites/ez-construction/index.html,new,,,v8,,,,,
Elite premier power washing,pressure washing,(786) 488-2370,,,5.0,8,Little Haiti,false,,https://demoready.co/sites/elite-premier-power-washing/index.html,new,,,v5,,,,,
Chacon Group LLC,pressure washing,(786) 657-5975,,,5.0,5,Little Haiti,false,,https://demoready.co/sites/chacon-group-llc/index.html,new,,,v9,,,,,
Port-au-Prince services,pressure washing,(786) 593-3936,,,,,Little Haiti,false,,https://demoready.co/sites/port-au-prince-services/index.html,new,,,v1,,,,,
South Dade Pressure Cleaning,pressure washing,(786) 451-1904,,,5.0,8,Little Haiti,false,,https://demoready.co/sites/south-dade-pressure-cleaning/index.html,new,,,v3,,,,,
Johnny & Sons Plumbers,plumber,(561) 658-4241,,,4.8,93,Margate,false,,https://demoready.co/sites/johnny-sons-plumbers/index.html,new,,,v10,,,,,
BKV Plumbing & Sewer Margate,plumber,(754) 229-7798,,,5.0,6,Margate,false,,https://demoready.co/sites/bkv-plumbing-sewer-margate/index.html,new,,,v9,,,,,
My Plumbing Co,plumber,(954) 935-6164,,,4.6,26,Margate,false,,https://demoready.co/sites/my-plumbing-co/index.html,new,,,v2,,,,,
Dent And Tint,tint shop,(954) 695-3395,,,4.6,114,Wilton Manors,false,,https://demoready.co/sites/dent-and-tint/index.html,new,,,v5,,,,,
Tint King,tint shop,(954) 467-1144,,,4.6,33,Wilton Manors,false,,https://demoready.co/sites/tint-king/index.html,new,,,v2,,,,,
LZ Pressure Cleaning Llc,pressure washing,(786) 720-3759,,,5.0,156,Pinecrest,false,,https://demoready.co/sites/lz-pressure-cleaning-llc/index.html,new,,,v7,,,,,
"Damn Mama Catering, LLC.",caterer,(954) 330-2852,,,5.0,2,Miramar,false,,https://demoready.co/sites/damn-mama-catering-llc/index.html,new,,,v6,,,,,
Extra Hands,caterer,(305) 323-6191,,,4.6,9,Miramar,false,,https://demoready.co/sites/extra-hands/index.html,new,,,v10,,,,,
Strong T's Home Services Llc,handyman,(786) 315-9337,,,4.6,11,Oakland Park,false,,https://demoready.co/sites/strong-t-s-home-services-llc/index.html,new,,,v6,,,,,
Panhandle Premier Roofing,roof repair,(786) 650-0094,,,4.8,70,Little Haiti,false,,https://demoready.co/sites/panhandle-premier-roofing/index.html,new,,,v1,,,,,
Roofing Pro Masters,roof repair,(786) 925-4337,,,4.8,33,Little Haiti,false,,https://demoready.co/sites/roofing-pro-masters/index.html,new,,,v7,,,,,
Roofing & Multiple Services,roof repair,(786) 259-1793,,,4.8,46,Little Haiti,false,,https://demoready.co/sites/roofing-multiple-services/index.html,new,,,v4,,,,,
Miami Plumbing Company,water heater repair,(305) 781-7871,,,4.0,16,Miami Lakes,false,,https://demoready.co/sites/miami-plumbing-company/index.html,new,,,v8,,,,,
Just Jump Bounce House Rentals,bounce house rental,(954) 817-1428,,,5.0,7,Bay Harbor Islands,false,,https://demoready.co/sites/just-jump-bounce-house-rentals/index.html,new,,,v1,,,,,
Junior's Party Rental Inc Miami,bounce house rental,(786) 764-5730,,,3.0,2,Bay Harbor Islands,false,,https://demoready.co/sites/junior-s-party-rental-inc-miami/index.html,new,,,v8,,,,,
Tri Miami Handyman Services,handyman,(305) 744-6038,,,4.7,102,Miami Springs,false,,https://demoready.co/sites/tri-miami-handyman-services/index.html,new,,,v2,,,,,
Stanley Roadside Tire Repair,mobile tire service,(954) 696-1488,,,4.9,70,Pompano Beach,false,,https://demoready.co/sites/stanley-roadside-tire-repair/index.html,new,,,v3,,,,,
Mobile Tire Service & Repairs,mobile tire service,(954) 773-3116,,,5.0,2,Pompano Beach,false,,https://demoready.co/sites/mobile-tire-service-repairs/index.html,new,,,v9,,,,,
24/7 Roadside Service and Tire repair,mobile tire service,(754) 268-1597,,,4.8,43,Pompano Beach,false,,https://demoready.co/sites/24-7-roadside-service-and-tire-repair/index.html,new,,,v1,,,,,
Oakland Tires Mobile Tire Shop,mobile tire service,(754) 251-9293,,,5.0,13,Pompano Beach,false,,https://demoready.co/sites/oakland-tires-mobile-tire-shop/index.html,new,,,v6,,,,,
Locksmith Miramar Co,locksmith,(954) 580-5485,,,4.2,10,Miramar,false,,https://demoready.co/sites/locksmith-miramar-co/index.html,new,,,v3,,,,,
West Park Locksmith,locksmith,(954) 901-0283,,,5.0,40,Miramar,false,,https://demoready.co/sites/west-park-locksmith/index.html,new,,,v8,,,,,
Locks Around The Clock,locksmith,(954) 372-0097,,,5.0,14,Miramar,false,,https://demoready.co/sites/locks-around-the-clock/index.html,new,,,v3,,,,,
1of1 Car Wraps,car wrap,(786) 508-3108,,,5.0,6,Hialeah,false,,https://demoready.co/sites/1of1-car-wraps/index.html,new,,,v8,,,,,
All Star House Painters of Fort Lauderdale,interior painter,(754) 219-2576,,,5.0,5,Lauderhill,false,,https://demoready.co/sites/all-star-house-painters-of-fort-lauderdale/index.html,new,,,v10,,,,,
Furniture Assembly Service,furniture assembly,(786) 624-7666,,,5.0,6,Miramar,false,,https://demoready.co/sites/furniture-assembly-service/index.html,new,,,v4,,,,,
Man of the House Furniture Assembly & TV Installations,furniture assembly,(786) 496-2827,,,5.0,17,Miramar,false,,https://demoready.co/sites/man-of-the-house-furniture-assembly-tv-installations/index.html,new,,,v10,,,,,
Miami furniture assembly & mounting services.,furniture assembly,(305) 336-4482,,,5.0,1,Miramar,false,,https://demoready.co/sites/miami-furniture-assembly-mounting-services/index.html,new,,,v1,,,,,
Elite Mobile Massage by LGF,mobile massage therapist,(786) 620-0402,,,4.9,46,Miami,false,,https://demoready.co/sites/elite-mobile-massage-by-lgf/index.html,new,,,v2,,,,,
Calm Essence Massage,mobile massage therapist,(786) 429-9287,,,5.0,1,Miami,false,,https://demoready.co/sites/calm-essence-massage/index.html,new,,,v7,,,,,
Luxury Mobile Massage by Midi,mobile massage therapist,(786) 715-9234,,,5.0,21,Miami,false,,https://demoready.co/sites/luxury-mobile-massage-by-midi/index.html,new,,,v8,,,,,
Serenity Bliss Spa,mobile massage therapist,(786) 765-0467,,,5.0,2,Miami,false,,https://demoready.co/sites/serenity-bliss-spa/index.html,new,,,v4,,,,,
Mobile Royal Massage,mobile massage therapist,(786) 933-7812,,,5.0,3,Miami,false,,https://demoready.co/sites/mobile-royal-massage/index.html,new,,,v10,,,,,
Miami Speedy Commercial Electricians,electrician,(305) 787-3971,,,4.8,159,Golden Beach,false,,https://demoready.co/sites/miami-speedy-commercial-electricians/index.html,new,,,v5,,,,,
Full Service Home Electrician,electrician,(786) 265-0057,,,4.8,18,Golden Beach,false,,https://demoready.co/sites/full-service-home-electrician/index.html,new,,,v3,,,,,
Alondra’s Mobile lymphatic Massage,mobile massage therapist,(786) 901-0352,,,5.0,292,Opa-locka,false,,https://demoready.co/sites/alondra-s-mobile-lymphatic-massage/index.html,new,,,v7,,,,,
TORO GRILL CARNE EN VARA FOOD TRUCK,food truck,(786) 597-2216,,,4.9,243,Lauderdale Lakes,false,,https://demoready.co/sites/toro-grill-carne-en-vara-food-truck/index.html,new,,,v10,,,,,
AAA Deck Builders,deck builder,(561) 556-5189,,,5.0,6,Lantana,false,,https://demoready.co/sites/aaa-deck-builders/index.html,new,,,v5,,,,,
Elite Boating,deck builder,(561) 891-5060,,,5.0,45,Lantana,false,,https://demoready.co/sites/elite-boating/index.html,new,,,v3,,,,,
Benny and The Moving,moving service,(786) 531-0033,,,4.8,49,Pahokee,false,,https://demoready.co/sites/benny-and-the-moving/index.html,new,,,v6,,,,,
All Florida Kings Irrigation,irrigation repair,(305) 283-3330,,,5.0,5,Kendall,false,,https://demoready.co/sites/all-florida-kings-irrigation/index.html,new,,,v10,,,,,
Boca Raton Mobile Mechanics,mobile mechanic,(561) 770-9394,,,,,Parkland,false,,https://demoready.co/sites/boca-raton-mobile-mechanics/index.html,new,,,v1,,,,,
Carlos Mobile Mechanic,mobile mechanic,(650) 285-9615,,,5.0,32,Parkland,false,,https://demoready.co/sites/carlos-mobile-mechanic/index.html,new,,,v7,,,,,
Best Mobile Automotive,mobile mechanic,(863) 546-0390,,,,,Parkland,false,,https://demoready.co/sites/best-mobile-automotive/index.html,new,,,v8,,,,,
Mobile Mechanix,mobile mechanic,(954) 969-8828,,,4.6,50,Parkland,false,,https://demoready.co/sites/mobile-mechanix/index.html,new,,,v4,,,,,
G&L Plumbing Service,water heater repair,(786) 516-4115,,,4.8,26,Cutler Bay,false,,https://demoready.co/sites/g-l-plumbing-service/index.html,new,,,v1,,,,,
Dr. Drip Plumbing Inc.,water heater repair,(786) 636-4044,,,5.0,57,Cutler Bay,false,,https://demoready.co/sites/dr-drip-plumbing-inc/index.html,new,,,v6,,,,,
Norman's Emergency Plumber Service,water heater repair,(305) 493-8568,,,4.8,102,Cutler Bay,false,,https://demoready.co/sites/norman-s-emergency-plumber-service/index.html,new,,,v5,,,,,
BEST ROOFERS │ ROOFING COMPANY │ ROOFING CONTRACTOR,solar panel cleaning,(800) 824-4440,,,4.2,35,Brickell,false,,https://demoready.co/sites/best-roofers-roofing-company-roofing-contractor/index.html,new,,,v9,,,,,
PBC Painting & Decorating LLC,exterior painter,(561) 288-2448,,,5.0,10,Belle Glade,false,,https://demoready.co/sites/pbc-painting-decorating-llc/index.html,new,,,v2,,,,,
H Brown handyman Services,exterior painter,(561) 983-2493,,,5.0,1,Belle Glade,false,,https://demoready.co/sites/h-brown-handyman-services/index.html,new,,,v7,,,,,
Rodriguez Bros Tree Service,tree trimming,(786) 753-8055,,,5.0,23,North Miami,false,,https://demoready.co/sites/rodriguez-bros-tree-service/index.html,new,,,v1,,,,,
Anthony Tree Care,tree trimming,(786) 222-2568,,,4.9,132,North Miami,false,,https://demoready.co/sites/anthony-tree-care/index.html,new,,,v3,,,,,
D&D Tree Service.,tree trimming,(305) 748-7237,,,4.9,101,North Miami,false,,https://demoready.co/sites/d-d-tree-service/index.html,new,,,v9,,,,,
"Bouie & Bouie, LLC",tree trimming,(305) 338-7393,,,5.0,29,North Miami,false,,https://demoready.co/sites/bouie-bouie-llc/index.html,new,,,v5,,,,,
Long Beach A/V Production,a/v production,(562) 323-7866,,,,,Long Beach,false,,https://demoready.co/sites/long-beach-av-production/index.html,new,,,,,,,,A/V production; tight budget; contact via SMS (text); demo built 2026-06-12
